Bacteria,Number
Streptococcus agalactiae,63
Aeromonas jandaie,2
Aeromonas hydrophila,85
Streptococcus iniae,13
Edwardsiella tarda,6
Aeromonas sobria,4
Pseudomonas putida,3
Francisella orientalis,3
Aeromonas veronii,10
Staphylococcus aureus,2
Pseudomonas aeruginosa,2
Flavobacterium columnare,4
Pseudomonas fluorescens,3
Plesiomonas shigelloides,2
Vibrio parahaemolyticus,2
Vibrio alginolyticus,1
Enterococcus faecalis,2
Vibrio harveyi,1
Vibrio anguillarum,1
Vibrio cholerae,1
Clostridium perfringens,1
