Microbial extract,Bacterial pathogen,Efficacy,Parameter,Side effect
OHM,S. agalactiae,High,"1,2",Low
Humicola NP,S. agalactiae,High,"1,2,4",Low
NP,S. agalactiae,High,"1,2",Low
Phytase,S. agalactiae,High,"1,2,4",Low
NSPE,S. agalactiae,High,"1,2",Low
CE,S. agalactiae,High,"1,2,4",Low
Bt PS21 EPS,S. agalactiae,High,"1,2,3",Low
Bs P1 EPS,A. veronii,High,"1,2",Low
MacroGard,A. sobria,High,"1,2",Not clear
MacroGard,S. agalactiae,High,"1,2",Not clear
Bl EPS,A. hydrophila,High,"1,2,4",Not clear
Bl EPS,V. parahaemolyticus,High,"1,2,4",Not clear
BLDCC,A. hydrophila,High,"1,2",Not clear
VITMK3*,V. anguillarum ,High,"1,3",Not clear
ECPs,E. faecalis,High,"1,2,4",Not clear
