Nanotechnology,Bacterial pathogen,Efficacy,Parameter,Side effect
Chitosan NPs_1,A. hydrophila,High,"1,2,3,4",Low
Chitosan NPs_2,A. hydrophila,High,1,Not clear
Green AgNPs,A. hydrophila,High,1,Not clear
Ginger extract NPs,A. hydrophila,High,"1,2,4",Low
Ginger extract NPs,P. putida,High,"1,2,4",Low
Nano-Se + VitC,A. hydrophila,High,"1,2,4",Not clear
EPS-ZnO NPs,A. hydrophila,High,"1,2,4",Not clear
EPS-ZnO NPs,V. parahaemolyticus,High,"1,2,4",Not clear
CS-NE,F. columnare,High,"1,2",Not clear
CWPNC,S. agalactiae,High,"1,2",Low
Quercetin NPs,A. hydrophila,High,"1,2,4",Low
NBA,A. hydrophila,High,"1,2,4",Not clear
SNPs,A. hydrophila,High,"1,2,4",Low
NN-SeNPs,A. veronii,High,"1,2",Low
Ozone NBs,A. hydrophila,High,"1,2,3",Low
MO-AgNPs,A. hydrophila,High,"1,2",Low
HGS-MgONPs,A. hydrophila,High,"1,2,4",Low
NN-ZnONPs,C. perfringes,High,"1,2",Low
TEO-NE,S. iniae,High,"1,2",Not clear
NSEO-NE,S. iniae,High,"1,2",Not clear
ZnO NPs,A. hydrophila,High,"1,2",Not clear
PhB-GBP-AgNPs,A. hydrophila,High,"1,2",Not clear
Nerolidol NPs,S. agalactiae,High,"1,2,3",Low
Laurus nobilis NPs,A. hydrophila,High,"1,2,4",Low
