Phytogenic,Bacterial pathogen,Efficacy,Parameter,Side effect
GBNL,S. agalactiae + A. jandaie,High,"1,2",High
TrueAlgaeMax,A. hydrophila,High,"1,2,4",Not clear
Licorice root extract,A. hydrophila,High,"1,2,4",Low
Clove oil,S. iniae,High,"1,2",Not clear
Kratom leaf extract,E. tarda,High,"1,2",Low
Custard apple leaf extract,A. sobria,High,"1,2",Low
Guiera senegalensis leaf powder,A. hydrophila,Low,,Low
Persicaria odorata leaf powder,A. hydrophila,Moderate,,Low
Piliostigma reticulatum leaf powder,A. hydrophila,Moderate,,Mild
Gs + Po + Pr leaf powder,A. hydrophila,Moderate,,Low
Free nerolidol,S. agalactiae,Low,,Not clear
Bitter leaf extract,A. hydrophila,High,"1,2,4",Low
Ginger powder,A. hydrophila,Moderate,,Low
Ginger powder,P. putida,Moderate,,Low
Withania somnifera root extract,A. hydrophila,High,"1,2",Not clear
Chlorophytum borivilianum root extract,A. hydrophila,High,"1,2",Not clear
Watermelon rind powder,S. agalactiae,High,"1,2,4",Not clear
Propolis powder,E. tarda,High,"1,2,4",Not clear
Tumeric powder,E. tarda,High,"1,2,4",Not clear
Propolis + Tumeric powder,E. tarda,High,"1,2,4",Not clear
Fenugreek seed extract,A. hydrophila,High,"1,2,4",Low
Bay Laurel leaf powder,A. hydrophila,High,"1,2,4",Low
Patchouli oil_1,S. agalactiae,High,"1,2",Not clear
Patchouli oil_2,S. agalactiae,High,"2,4",Not clear
Eucommia ulmoides leaf extract,S. agalactiae,High,"1,2",Not clear
Dayak onion powder,A. hydrophila,High,"1,2",Not clear
Chili pepper extract,A. hydrophila,High,"1,2,4",Not clear
Fermented Ulva seaweed powder,A. hydrophila,Moderate,,Low
Raw Ulva seaweed powder,A. hydrophila,Low,,Low
Calotropis  gigantea leaf extract,S. agalactiae,Low,,High
Moringa oleivera leaf extract,S. agalactiae,High,1,Not clear
Cassia alata leaf extract,S. agalactiae,High,1,Not clear
Moringa oleivera leaf powder,S. agalactiae,Moderate,,Mild
Terminalia catappa leaf extract,S. agalactiae,Moderate,,Not clear
Indigofera tinctoria crude extract,S. agalactiae,High,"1,2,4",High
Artemisia annua extract,A. hydrophila,Moderate,,Not clear
Tumeric powdwer,Sa + Pa + Fc,High,"1,2",Low
Baobab fruit crude extract,A. hydrophila,High,"1,2,4",Low
Tamarindus indica leaf extract,A. hydrophila,High,"1,4",Not clear
Tamarind pulp extract,A. hydrophila,High,"1,3,4",Not clear
Juglans regia leaf extract,P. shigelloides,High,"1,2",Not clear
Morus alba leaf extract,A. hydrophila,High,"1,2",Low
Elephantopus scaber extract,S. agalactiae,High,"1,2",High
Allium cepa extract,A. hydrophila,Moderate,,Low
Allium cepa powder,A. hydrophila,High,"1,2",Low
Punica granatum peel extract ,A. hydrophila,High,"1,2,4",Low
Excoecaria agallocha leaf extract,S. agalactiae,Moderate,,Not clear
Flourishing FL211,A. hydrophila,High,"1,2,4",Low
Malva parvifora leaf powder,S. agalactiae,Moderate,,Not clear
Azadirachta indica leaf extract,A. hydrophila,High,"1,2,4",Low
Juniperus communis leaf extract,A. hydrophila,High,"1,2,4",Low
Ulva fasciata extract,A. hydrophila,Moderate,,Low
Palmatine,A. hydrophila,High,"1,2",Low
Cnicus benedictus leaf powder,A. hydrophila,High,"1,2,4",Low
Pelargonium roseum powder,A. hydrophila,Low,,Not clear
Schinus terenbinthifolius powder,A. hydrophila,Low,,Not clear
Murraya koenigii powder,A. hydrophila,Low,,Not clear
Aphloia theiformis powder,A. hydrophila,High,"1,4",Not clear
Chenopodium album leaf powder,A. hydrophila,High,"1,2,4",Not clear
Lagenaria siceraria seed powder,A. hydrophila,Moderate,,Low
Guava leaf exract,A. hydrophila,High,"1,2,4",Not clear
Star gooseberry leaf extract,A. hydrophila,High,"1,2,4",Not clear
Guava + Star gooseberry leaf extracts,A. hydrophila,High,"1,2,4",Not clear
Jamun leaf extract,A. hydrophila,High,"1,2,4",Not clear
