Prebiotic,Bacterial pathogen,Efficacy,Parameter,Side effect
FOS,A. hydrophila,High,"1,2,3,4",Low
COS,S. iniae,High,"1,2",Not clear
TM,A. hydrophila,Moderate,,Not clear
TM,P. fluorescens,Moderate,,Not clear
BG,A. hydrophila,High,"1,2,4",Low
XOS,S. agalactiae,High,"1,2,4",Low
MOS_1,A. hydrophila,Moderate,,Low
PHDP_1,A. hydrophila,High,"1,2,4",Mild
FOS,S. agalactiae,Moderate,,Not clear
MOS_2,A. hydrophila,High,1,Not clear
KAP,A. hydrophila,High,1,Not clear
PHDP_2,A. hydrophila,Moderate,,Not clear
