Synbiotic,Bacterial pathogen,Efficacy,Parameter,Side effect
Ef + FOS + Fk,S. agalactiae,High,1,Low
BP + TM,A. hydrophila,Moderate,,Not clear
BP + TM,P. fluorescens,Moderate,,Not clear
L-137 + BG,A. hydrophila,High,"1,2,4",Low
XOS + TISTR008 + TISTR1854,S. agalactiae,High,"1,2,4",Low
DBA + MOS,A. hydrophila,Moderate,,Low
DBA + CHI,A. hydrophila,Moderate,,Low
PHDP + PA,A. hydrophila,High,"1,2,4",Not clear
PAS-TR + MOS,A. hydrophila,High,1,Not clear
PAS-TR + KAP,A. hydrophila,High,1,Not clear
