Vaccine,Bacterial pathogen,Efficacy,Parameter,Side effect
SAIV,S. agalactiae,High,"1,2,3",Low
FKV,S. agalactiae,High,"1,2",Not clear
ME-VAC,S. iniae,Moderate,,Low
FKV,S. iniae,High,"1,2",Low
Bacterin,F. orientalis,Moderate,,Not clear
FBV-GFAH,A. hydrophila,High,"1,2",Low
BFKA,S. agalactiae,High,"1,2",Low
BFKA,A. hydrophila,High,"1,2",Low
BFKA,S. iniae,High,"1,2",Low
BFKA,A. veronii,High,"1,2",Low
BFIB,A. hydrophila,High,"1,2",Low
BFIB,S. iniae,High,"1,2",Low
BFIB,A. veronii,High,"1,2",Low
BFIB,S. agalactiae,High,"1,2",Low
SIP,S. agalactiae,High,"1,2",Not clear
FKV,V. anguillarum ,Moderate,,Not clear
HKV ,V. anguillarum ,Moderate,,Not clear
Bacterin,S. agalactiae,High,1,Not clear
